id,name,streaming_services
tt0095327,Grave of the Fireflies,iTunes
tt0088846,Brazil,"iTunes, Google Play, Amazon Instant Video"
tt1605783,Midnight in Paris,"Google Play, Amazon Instant Video, iTunes, Netflix"
tt3315342,Logan,"iTunes, Amazon Instant Video, Disney+, Google Play"
tt0058461,A Fistful of Dollars,"iTunes, Google Play, Amazon Instant Video"
tt0056869,The Birds,"iTunes, Google Play, Amazon Instant Video"
tt0023969,Duck Soup,"Google Play, iTunes, Amazon Instant Video"
tt0107207,In the Name of the Father,"Amazon Instant Video, iTunes, Google Play"
tt0091763,Platoon,"Amazon Prime Video, Google Play, iTunes, Amazon Instant Video"
tt0118799,Life Is Beautiful,"iTunes, Google Play, Amazon Instant Video"
tt0119472,,
tt0022913,Freaks,"Google Play, iTunes, Amazon Instant Video"
tt0118849,Children of Heaven,"Amazon Instant Video, Google Play, iTunes"
tt10370710,The Worst Person in the World,"Amazon Instant Video, Google Play, iTunes"
tt0180093,Requiem for a Dream,"Google Play, Amazon Instant Video, iTunes"
tt0808417,Persepolis,"Amazon Instant Video, Google Play, iTunes"
tt3322420,Queen,"Google Play, Amazon Instant Video, iTunes, Netflix"
tt1408101,Star Trek into Darkness,"Google Play, Amazon Prime Video, Amazon Instant Video, iTunes"
tt0190590,"O Brother, Where Art Thou?","iTunes, Google Play, Amazon Instant Video"
tt15097216,Jai Bhim,Amazon Prime Video
tt1853728,Django Unchained,"iTunes, Google Play, Amazon Instant Video"
tt0265086,Black Hawk Down,"iTunes, Google Play, Amazon Instant Video"
tt0053779,,
tt0018455,Sunrise: A Song of Two Humans,"Google Play, iTunes, Amazon Instant Video"
tt0468569,The Dark Knight,"Google Play, iTunes, Amazon Instant Video, Netflix"
tt1093370,Jab We Met,"Netflix, Google Play"
tt0044706,High Noon,"iTunes, Google Play, Amazon Instant Video"
tt0790636,Dallas Buyers Club,"Amazon Instant Video, Google Play, iTunes"
tt0037382,To Have and Have Not,"Amazon Instant Video, Google Play, iTunes"
tt7838252,K.G.F,Amazon Prime Video
tt1235166,A Prophet,"Google Play, Amazon Instant Video, iTunes"
tt11032374,Demon Slayer the Movie: Mugen Train,"Amazon Instant Video, Google Play, iTunes"
tt7979580,The Mitchells vs the Machines,"iTunes, Google Play, Amazon Instant Video, Netflix"
tt0039689,Out of the Past,"Amazon Instant Video, Google Play, iTunes"
tt0092067,Castle in the Sky,"Amazon Instant Video, Google Play, iTunes, Netflix"
tt0088939,,
tt0061809,In Cold Blood,"Amazon Instant Video, iTunes, Google Play"
tt0032138,The Wizard of Oz,"Google Play, Amazon Instant Video, iTunes"
tt8291224,,
tt0094625,,
tt0425210,Lucky Number Slevin,"Amazon Instant Video, Google Play, iTunes, Amazon Prime Video"
tt0389557,Black Book,"Amazon Instant Video, Google Play, iTunes"
tt0045793,From Here to Eternity,"iTunes, Google Play, Amazon Instant Video"
tt0125659,Open Your Eyes,"Amazon Instant Video, Google Play, iTunes"
tt1856101,Blade Runner 2049,"Netflix, Google Play, Amazon Instant Video, iTunes"
tt1877830,The Batman,"Amazon Instant Video, Google Play, iTunes"
tt4846340,Hidden Figures,"iTunes, Google Play, Amazon Instant Video, Disney+"
tt0096874,Back to the Future Part II,"iTunes, Google Play, Amazon Instant Video"
tt10698680,K.G.F: Chapter 2,Amazon Prime Video
tt0248845,Hedwig and the Angry Inch,"Amazon Instant Video, Google Play, iTunes"
tt0104684,,
tt4468740,Paddington 2,"Amazon Instant Video, Google Play, iTunes"
tt0117381,Primal Fear,"Amazon Instant Video, Amazon Prime Video, iTunes, Google Play"
tt2265171,The Raid 2,"iTunes, Google Play, Amazon Instant Video"
tt0056687,What Ever Happened to Baby Jane?,"Amazon Instant Video, Google Play, iTunes"
tt0120363,Toy Story 2,"Disney+, Amazon Instant Video, Google Play, iTunes"
tt0062622,2001: A Space Odyssey,"Amazon Instant Video, iTunes, Google Play"
tt0099685,Goodfellas,"Amazon Instant Video, Google Play, iTunes, Netflix"
tt0358273,Walk the Line,"iTunes, Google Play, Amazon Instant Video"
tt0110413,Leon,"iTunes, Google Play, Amazon Prime Video, Amazon Instant Video, Netflix"
tt0250258,,
tt0056111,Ivan's Childhood,"Google Play, iTunes, Amazon Instant Video"
tt0253474,The Pianist,"Amazon Instant Video, Google Play, iTunes"
tt0031885,The Rules of the Game,"Amazon Instant Video, Google Play, iTunes"
tt0038348,Beauty and the Beast,"Amazon Instant Video, iTunes"
tt1562872,Zindagi Na Milegi Dobara,"Netflix, iTunes"
tt0053221,Rio Bravo,"iTunes, Google Play, Amazon Instant Video"
tt8267604,Capernaum,"Google Play, Amazon Instant Video, iTunes"
tt2317337,Vicky Donor,"Google Play, iTunes"
tt0105236,Reservoir Dogs,"iTunes, Google Play, Amazon Instant Video"
tt0169547,American Beauty,"Google Play, Netflix, iTunes, Amazon Prime Video, Amazon Instant Video"
tt1270798,X-Men: First Class,"iTunes, Disney+, Amazon Instant Video, Google Play"
tt0120601,Being John Malkovich,"iTunes, Google Play, Amazon Instant Video"
tt0085794,The King of Comedy,"Amazon Instant Video, iTunes"
tt0289879,The Butterfly Effect,"Amazon Instant Video, Google Play, iTunes"
tt0040724,Red River,"iTunes, Google Play, Amazon Instant Video"
tt0118845,,
tt5074352,Dangal,Netflix
tt1074638,Skyfall,"iTunes, Google Play, Amazon Prime Video, Amazon Instant Video, Netflix"
tt1590089,,
tt0056218,The Manchurian Candidate,"Amazon Instant Video, iTunes"
tt0061184,Who's Afraid of Virginia Woolf?,"iTunes, Google Play, Amazon Instant Video"
tt0347149,Howl's Moving Castle,"Google Play, Netflix, iTunes, Amazon Instant Video"
tt6155172,Roma,Netflix
tt9179430,,
tt0120586,American History X,"iTunes, Google Play, Amazon Instant Video"
tt8239946,Tumbbad,Amazon Prime Video
tt0081283,Ordinary People,"iTunes, Google Play, Amazon Instant Video"
tt2103281,Dawn of the Planet of the Apes,"iTunes, Google Play, Amazon Instant Video"
tt0167261,The Lord of the Rings: The Two Towers,"iTunes, Google Play, Amazon Prime Video, Amazon Instant Video"
tt0077416,The Deer Hunter,"iTunes, Google Play, Amazon Instant Video"
tt3896198,Guardians of the Galaxy: Vol. 2,"Amazon Instant Video, iTunes, Google Play, Disney+"
tt0082694,Mad Max 2,"Amazon Instant Video, iTunes, Google Play"
tt0060107,Andrei Rublev,"iTunes, Amazon Instant Video"
tt0088763,Back to the Future,"Amazon Instant Video, Google Play, iTunes"
tt5571734,Pink,"Google Play, iTunes, Amazon Instant Video"
tt0287467,Talk to Her,"iTunes, Amazon Instant Video, Google Play"
tt0104348,Glengarry Glen Ross,"Amazon Instant Video, Google Play, iTunes"
tt0080979,Kagemusha,"iTunes, Google Play, Amazon Instant Video"
tt0048545,Rebel Without a Cause,"Amazon Instant Video, iTunes, Google Play"
tt0116477,Hamlet,"Amazon Instant Video, iTunes, Google Play"
tt3076658,Creed,"Amazon Instant Video, iTunes, Google Play"
tt1490017,The Lego Movie,"Amazon Instant Video, Google Play, iTunes"
tt0140352,The Insider,"iTunes, Google Play, Amazon Instant Video, Amazon Prime Video"
tt0097814,Kiki's Delivery Service,"Amazon Instant Video, Google Play, iTunes"
tt0304141,Harry Potter and the Prisoner of Azkaban,"iTunes, Amazon Instant Video, Google Play"
tt0061852,The Jungle Book,"iTunes, Google Play, Amazon Instant Video, Disney+"
tt0450259,Blood Diamond,"Amazon Instant Video, Google Play, iTunes, Netflix"
tt0073707,Sholay,"Amazon Instant Video, Google Play, iTunes"
tt0087843,Once Upon a Time in America,Netflix
tt2096673,Inside Out,"Amazon Instant Video, Disney+, Google Play, iTunes"
tt0068327,Cabaret,"iTunes, Google Play, Amazon Instant Video"
tt0102926,The Silence of the Lambs,"Amazon Instant Video, iTunes, Google Play, Amazon Prime Video"
tt0073341,The Man Who Would Be King,"Amazon Instant Video, Google Play, iTunes"
tt0861739,Elite Squad,"iTunes, Amazon Instant Video, Google Play"
tt0120338,Titanic,"Amazon Instant Video, Google Play, iTunes"
tt0062229,Le Samurai,"Amazon Instant Video, iTunes, Google Play"
tt0092991,Evil Dead II,"Google Play, Amazon Instant Video, iTunes"
tt1280558,A Wednesday,"iTunes, Netflix"
tt0307901,25th Hour,"iTunes, Google Play, Amazon Instant Video"
tt0395169,Hotel Rawanda,"Amazon Instant Video, Google Play, iTunes"
tt0056058,Harakiri,"Amazon Instant Video, iTunes"
tt0073195,Jaws,"Amazon Instant Video, Google Play, iTunes, Netflix, Amazon Prime Video"
tt1865505,Song of the Sea,"Google Play, Amazon Instant Video, iTunes"
tt2948356,Zootropolis,"Amazon Instant Video, Disney+, iTunes, Google Play"
tt1365050,Beasts of No Nation,Netflix
tt0067093,Fiddler on the Roof,"Amazon Instant Video, iTunes, Google Play"
tt0096438,Who Framed Roger Rabbit,"Google Play, Disney+, Amazon Instant Video, iTunes, Amazon Prime Video"
tt1392190,Mad Max: Fury Road,"iTunes, Google Play, Amazon Instant Video"
tt9263550,Rocketry: The Nambi Effect,Amazon Prime Video
tt0038650,It's a Wonderful Life,"Amazon Prime Video, Amazon Instant Video, Google Play, iTunes"
tt0072443,,
tt2278871,Blue Is the Warmest Colour,"Amazon Instant Video, iTunes"
tt0780504,Drive,"Amazon Instant Video, Google Play, iTunes"
tt2872718,Nightcrawler,"Amazon Instant Video, Google Play, iTunes, Netflix"
tt0053125,North by Northwest,"iTunes, Google Play, Amazon Instant Video"
tt0209144,Memento,"Amazon Instant Video, Google Play, iTunes"
tt0086879,Amadeus,"iTunes, Google Play, Amazon Instant Video"
tt6966692,Green Book,"iTunes, Google Play, Amazon Instant Video"
tt0037008,Laura,"iTunes, Google Play, Amazon Instant Video"
tt0470752,Ex Machina,"Amazon Instant Video, Google Play, iTunes"
tt0452623,Gone Baby Gone,"Google Play, Amazon Instant Video, iTunes"
tt0101921,Fried Green Tomatoes at the Cafe,"iTunes, Google Play, Amazon Instant Video"
tt2582782,Hell or High Water,"Amazon Instant Video, Netflix, Google Play, iTunes"
tt2356180,,
tt2084970,The Imitation Game,"Amazon Instant Video, iTunes, Google Play, Netflix"
tt6751668,Parasite,"iTunes, Google Play, Amazon Instant Video"
tt0083944,First Blood,"iTunes, Google Play, Amazon Instant Video"
tt0080684,Star Wars: Episode V - The Empire Strikes Back,"iTunes, Google Play, Amazon Instant Video, Disney+"
tt0914798,The Boy in the Striped Pyjamas,"iTunes, Google Play, Amazon Instant Video"
tt0109445,Clerks,"iTunes, Google Play, Amazon Instant Video, AppleTV+"
tt0848228,Avengers Assemble,"Disney+, Google Play, iTunes, Amazon Instant Video"
tt0071853,Monty Python's The Holy Grail,"Netflix, Amazon Instant Video, Google Play, iTunes"
tt4857264,The Invisible Guest,"iTunes, Google Play, Amazon Instant Video, Netflix"
tt0374887,Munna Bhai M.B.B.S.,"Amazon Instant Video, Google Play, iTunes"
tt0247586,,
tt0162222,Cast Away,"Amazon Instant Video, Google Play, iTunes, Amazon Prime Video"
tt9071322,Dark Waters,"iTunes, Google Play, Amazon Instant Video"
tt0116231,,
tt1049413,Up,"iTunes, Amazon Instant Video, Disney+, Google Play"
tt0206634,Children of Men,"iTunes, Amazon Instant Video, Google Play, Amazon Prime Video"
tt0083987,Gandhi,"Amazon Instant Video, iTunes, Google Play"
tt0068473,Deliverance,"iTunes, Amazon Instant Video, Netflix, Google Play"
tt0099348,Dances with Wolves,"Google Play, Amazon Instant Video, iTunes"
tt0167260,The Lord of the Rings: The Return of the King,"iTunes, Google Play, Amazon Prime Video, Amazon Instant Video"
tt3521164,Moana,"Amazon Instant Video, iTunes, Google Play, Disney+"
tt2576852,The Tale of the Princess Kaguya,"Google Play, Amazon Instant Video, iTunes"
tt0103064,Terminator 2: Judgment Day,"Google Play, Amazon Instant Video, iTunes, Netflix"
tt0066206,Patton,"iTunes, Google Play, Amazon Instant Video"
tt1305806,The Secret in Their Eyes,"iTunes, Google Play, Amazon Instant Video"
tt0100998,Dreams,"Amazon Instant Video, iTunes, Google Play"
tt8178634,RRR,Netflix
tt7286456,Joker,"Amazon Instant Video, Google Play, iTunes"
tt1675434,,
tt0063442,Planet of the Apes,"Amazon Instant Video, iTunes, Google Play"
tt0340377,The Station Agent,"Amazon Instant Video, Google Play, iTunes"
tt5323662,A Silent Voice: The Movie,"iTunes, Amazon Instant Video, Google Play"
tt2980516,The Theory of Everything,"iTunes, Amazon Instant Video, Google Play, Amazon Prime Video"
tt1602620,Amour,"iTunes, Amazon Instant Video, Google Play"
tt1821549,Nebraska,"iTunes, Google Play, Amazon Prime Video, Amazon Instant Video"
tt0099077,Awakenings,"Google Play, iTunes, Netflix, Amazon Instant Video"
tt0328107,Man on Fire,"iTunes, Google Play, Amazon Prime Video, Amazon Instant Video"
tt0040725,The Red Shoes,"Amazon Instant Video, Google Play, iTunes"
tt1327035,Dev.D,Netflix
tt0460791,,
tt0021884,Frankenstein,"iTunes, Google Play, Amazon Instant Video"
tt0347304,Kal Ho Naa Ho,"Netflix, Amazon Prime Video, Google Play, iTunes"
tt0104797,Malcolm X,"Amazon Instant Video, iTunes, Google Play"
tt0093773,Predator,"Amazon Instant Video, Google Play, iTunes, Amazon Prime Video"
tt2802154,Leviathan,"Amazon Instant Video, Google Play, iTunes"
tt0051378,Lift to the Scaffold,"iTunes, Amazon Instant Video"
tt0103639,Aladdin,"Amazon Instant Video, Disney+, Google Play, iTunes"
tt8367814,The Gentlemen,"Amazon Instant Video, Google Play, iTunes, Netflix"
tt3281548,Little Women,"iTunes, Google Play, Amazon Instant Video"
tt0042041,White Heat,"iTunes, Google Play, Amazon Instant Video"
tt0100150,Miller's Crossing,"Amazon Instant Video, Google Play, iTunes"
tt0325980,Pirates of the Caribbean: The Curse of the Black Pearl,"Amazon Instant Video, iTunes, Google Play, Disney+"
tt0026029,The Thirty-Nine Steps,"Amazon Instant Video, iTunes"
tt1454029,The Help,"iTunes, Google Play, Amazon Instant Video"
tt2245084,Big Hero 6,"iTunes, Google Play, Amazon Instant Video, Disney+"
tt0050986,Wild Strawberries,"Amazon Instant Video, iTunes"
tt1754656,The Little Prince,"Amazon Instant Video, iTunes, Google Play"
tt0369702,The Sea Inside,"Amazon Instant Video, Google Play, iTunes"
tt0260991,Joint Security Area,"Amazon Instant Video, Google Play, iTunes"
tt0092965,Empire of the Sun,"Amazon Instant Video, Google Play, iTunes"
tt0140888,,
tt2358891,The Great Beauty,"Amazon Instant Video, Google Play, iTunes"
tt0075148,Rocky,"Amazon Instant Video, iTunes, Google Play"
tt0363163,Downfall,"iTunes, Amazon Instant Video, Google Play"
tt0114369,Seven,"iTunes, Google Play, Amazon Instant Video"
tt0292490,Dil Chahta Hai,"Amazon Prime Video, Google Play, iTunes, Netflix"
tt0070034,Enter the Dragon,"Amazon Instant Video, iTunes, Google Play"
tt0469494,There Will Be Blood,"iTunes, Google Play, Amazon Instant Video"
tt0443706,Zodiac,"Netflix, Amazon Instant Video, Google Play, iTunes"
tt0449059,Little Miss Sunshine,"iTunes, Google Play, Amazon Instant Video"
tt0381849,3:10 to Yuma,"Google Play, Amazon Instant Video, iTunes"
tt0387564,Saw,"Google Play, Amazon Instant Video, iTunes"
tt0069281,,
tt0047296,On the Waterfront,"Amazon Instant Video, iTunes, Google Play"
tt0758758,Into the Wild,"iTunes, Amazon Instant Video, Google Play, Netflix"
tt0480025,This Is England,Amazon Instant Video
tt3460252,The Hateful Eight,"iTunes, Google Play, Netflix, Amazon Instant Video"
tt0036855,Gaslight,"iTunes, Google Play, Amazon Instant Video"
tt7961060,Dragon Ball Super: Broly,"iTunes, Google Play, Amazon Instant Video"
tt2294629,Frozen,"iTunes, Amazon Instant Video, Disney+, Google Play"
tt0024184,The Invisible Man,"iTunes, Amazon Instant Video, Google Play"
tt3498820,Captain America: Civil War,"Amazon Instant Video, iTunes, Google Play, Disney+"
tt0245574,Y tu mamá también,"iTunes, Google Play, Amazon Instant Video"
tt0169858,Neon Genesis Evangelion: The End of Evangelion,"iTunes, Google Play, Amazon Instant Video, Netflix"
tt1827487,Once Upon a Time in Anatolia,iTunes
tt0074958,Network,"Amazon Instant Video, iTunes, Google Play"
tt1220719,Ip Man,"Netflix, Amazon Instant Video, Google Play, iTunes"
tt3011894,Wild Tales,"Amazon Instant Video, Google Play, iTunes"
tt0032904,The Philadelphia Story,"iTunes, Google Play, Amazon Instant Video"
tt0034583,Casablanca,"Amazon Instant Video, iTunes, Google Play"
tt0104257,A Few Good Men,"iTunes, Google Play, Amazon Instant Video"
tt0052893,Hiroshima mon amour,"Google Play, iTunes, Amazon Instant Video"
tt0388795,Brokeback Mountain,"Amazon Instant Video, Google Play, iTunes"
tt5116302,,
tt1403865,True Grit,"iTunes, Amazon Instant Video, Google Play, Netflix"
tt0796366,Star Trek,"Amazon Instant Video, Google Play, iTunes, Netflix"
tt0211915,,
tt0416320,Match Point,"iTunes, Google Play, Amazon Instant Video"
tt1065073,Boyhood,"iTunes, Google Play, Amazon Instant Video, Disney+"
tt8946378,Knives Out,"Amazon Instant Video, Google Play, iTunes"
tt0088847,The Breakfast Club,"Amazon Instant Video, Google Play, iTunes"
tt0032553,The Great Dictator,"iTunes, Amazon Instant Video"
tt0091670,The Sacrifice,"Google Play, iTunes, Amazon Instant Video"
tt0109424,,
tt0319061,Big Fish,"Amazon Instant Video, Google Play, iTunes, Netflix"
tt0067328,The Last Picture Show,"Amazon Instant Video, Google Play, iTunes"
tt1210166,Moneyball,"iTunes, Google Play, Amazon Instant Video, Netflix, Amazon Prime Video"
tt2582496,Me and Earl and the Dying Girl,"iTunes, Google Play, Amazon Instant Video"
tt1659337,The Perks of Being a Wallflower,"Amazon Instant Video, Google Play, iTunes"
tt0108052,Schindler's List,"iTunes, Google Play, Amazon Instant Video"
tt1568346,The Girl with the Dragon Tattoo,"iTunes, Amazon Instant Video, Google Play, Netflix"
tt0054331,Spartacus,"iTunes, Google Play, Amazon Instant Video"
tt0108394,Three Colours: Blue,"iTunes, Amazon Instant Video"
tt0118843,,
tt0070510,Paper Moon,"Google Play, iTunes, Amazon Prime Video, Amazon Instant Video"
tt0081505,The Shining,"Google Play, iTunes, Amazon Instant Video"
tt0027977,Modern Times,"iTunes, Amazon Instant Video"
tt0033467,Citizen Kane,"Amazon Instant Video, iTunes, Google Play"
tt0268978,A Beautiful Mind,"Amazon Instant Video, Google Play, iTunes"
tt0106332,,
tt0133093,The Matrix,"iTunes, Google Play, Amazon Instant Video"
tt0097202,,
tt1855199,End of Watch,"iTunes, Amazon Instant Video, Google Play"
tt10295212,Shershaah,Amazon Prime Video
tt1119646,The Hangover,"iTunes, Google Play, Amazon Instant Video"
tt0064115,Butch Cassidy and the Sundance Kid,"Amazon Instant Video, Google Play, iTunes, Amazon Prime Video"
tt1683526,Detachment,"Google Play, Amazon Instant Video"
tt0093191,Wings of Desire,"Amazon Instant Video, Google Play, iTunes"
tt4934950,Talvar,"iTunes, Google Play"
tt0335266,Lost in Translation,"iTunes, Google Play, Amazon Instant Video"
tt8108198,Andhadhun,"Google Play, iTunes, Amazon Instant Video, Netflix"
tt2488496,Star Wars: Episode VII - The Force Awakens,"Amazon Instant Video, Disney+, Google Play, iTunes"
tt0258463,The Bourne Identity,"iTunes, Google Play, Amazon Instant Video"
tt2582802,Whiplash,"Amazon Instant Video, iTunes, Google Play"
tt0147612,,
tt1950186,Le Mans '66,"Google Play, iTunes, Amazon Instant Video"
tt2431286,Philomena,"Google Play, Netflix, iTunes, Amazon Instant Video"
tt0021749,City Lights,"iTunes, Amazon Instant Video, Google Play"
tt1398426,Straight Outta Compton,"Google Play, Amazon Instant Video, iTunes"
tt0249462,Billy Elliot,"iTunes, Amazon Instant Video, Google Play"
tt0107688,The Nightmare Before Christmas,"iTunes, Google Play, Amazon Instant Video, Disney+"
tt0457430,Pan's Labyrinth,"iTunes, Google Play, Amazon Instant Video"
tt0190332,"Crouching Tiger, Hidden Dragon","Amazon Instant Video, Amazon Prime Video, Google Play, iTunes"
tt2321405,My Life as a Courgette,"Amazon Instant Video, Google Play, iTunes"
tt0084855,The Verdict,"Amazon Instant Video, iTunes, Google Play"
tt1843866,Captain America - The Winter Soldier,"Amazon Instant Video, Disney+, Google Play, iTunes"
tt0350258,Ray,"iTunes, Google Play, Amazon Instant Video"
tt0375679,Crash,"Google Play, Amazon Instant Video, iTunes"
tt0061395,Belle de jour,"Amazon Instant Video, iTunes"
tt1170358,The Hobbit - The Desolation of Smaug,"Amazon Prime Video, Google Play, Amazon Instant Video, iTunes"
tt4154796,Avengers: Endgame,"Amazon Instant Video, Disney+, Google Play, iTunes"
tt0102536,Night on Earth,Amazon Instant Video
tt0078788,Apocalypse Now,"iTunes, Amazon Instant Video, Google Play"
tt0119116,The Fifth Element,"Amazon Instant Video, iTunes, Google Play"
tt0041959,The Third Man,"iTunes, Google Play, Amazon Instant Video"
tt3390572,Haider,Netflix
tt6148156,Vikram Vedha,"Google Play, Amazon Instant Video, iTunes, Amazon Prime Video"
tt0013442,Nosferatu,"Amazon Instant Video, Google Play, iTunes"
tt0059578,For a Few Dollars More,"Google Play, iTunes, Amazon Instant Video"
tt1205489,Gran Torino,"Google Play, Amazon Instant Video, iTunes"
tt0073486,One Flew Over the Cuckoo's Nest,"Google Play, Amazon Instant Video, iTunes"
tt0019254,The Passion of Joan of Arc,"Amazon Instant Video, iTunes"
tt1979320,Rush,"iTunes, Google Play, Amazon Instant Video, Netflix"
tt0076759,Star Wars: Episode IV - A New Hope,"Amazon Instant Video, Disney+, iTunes, Google Play"
tt2267998,Gone Girl,"iTunes, Google Play, Amazon Instant Video, Netflix"
tt1899353,The Raid,"iTunes, Google Play, Amazon Instant Video"
tt5463162,Deadpool 2,"Amazon Instant Video, Disney+, Google Play, iTunes"
tt0017925,The General,"Amazon Instant Video, Amazon Prime Video, Google Play, iTunes"
tt0317248,City of God,"iTunes, Amazon Instant Video, Google Play"
tt1189073,The Skin I Live In,"iTunes, Amazon Instant Video, Google Play"
tt0101414,Beauty and the Beast,"Amazon Instant Video, Disney+, Google Play, iTunes"
tt0069947,The Day of the Jackal,"iTunes, Google Play, Amazon Instant Video"
tt0083922,Fanny and Alexander,"iTunes, Amazon Instant Video"
tt0119177,Gattaca,"Google Play, Amazon Instant Video, iTunes"
tt0116282,Fargo,"Google Play, Amazon Instant Video, iTunes, Amazon Prime Video"
tt0299977,Hero,"Google Play, Amazon Instant Video, iTunes"
tt0043456,The Day the Earth Stood Still,"Amazon Instant Video, Google Play, iTunes"
tt0964517,The Fighter,"Google Play, iTunes, Amazon Instant Video, Netflix"
tt0112384,Apollo 13,"Google Play, Amazon Instant Video, iTunes, Amazon Prime Video"
tt0074119,All the President's Men,"Amazon Instant Video, Google Play, iTunes"
tt3416742,What We Do in the Shadows,"Google Play, Amazon Instant Video, iTunes"
tt0046438,Tokyo Story,"iTunes, Google Play, Amazon Instant Video"
tt0056592,To Kill a Mockingbird,"iTunes, Amazon Instant Video, Google Play"
tt0057012,Dr. Strangelove or: How I Learned to Stop Worrying and Love the Bomb,"Amazon Instant Video, Google Play, iTunes"
tt0075860,Close Encounters of the Third Kind,"iTunes, Amazon Instant Video, Google Play"
tt0031381,Gone with the Wind,"Amazon Instant Video, iTunes, Google Play"
tt0015324,Sherlock Jr.,"Amazon Instant Video, Google Play, iTunes"
tt0105695,Unforgiven,"iTunes, Amazon Instant Video, Google Play"
tt0048021,,
tt0068182,"Aguirre, the Wrath of God","iTunes, Amazon Instant Video, Google Play"
tt0120689,The Green Mile,"Google Play, Amazon Instant Video, iTunes"
tt0054215,Psycho,"Amazon Instant Video, iTunes, Google Play"
tt0044079,Strangers on a Train,"iTunes, Amazon Instant Video, Google Play"
tt0482571,The Prestige,"iTunes, Amazon Instant Video, Google Play"
tt3848892,Baby,iTunes
tt0086022,Nostalghia,"iTunes, Google Play, Amazon Instant Video"
tt1454468,Gravity,"Google Play, Amazon Instant Video, iTunes"
tt0066763,,
tt2991224,Tangerines,"Amazon Instant Video, Google Play, iTunes"
tt0071360,The Conversation,"iTunes, Google Play, Amazon Instant Video"
tt2338151,PK,Netflix
tt1022603,500 Days of Summer,"iTunes, Amazon Instant Video, Google Play"
tt0056443,Sanjuro,"iTunes, Amazon Instant Video"
tt0120762,Mulan,"iTunes, Google Play, Amazon Instant Video, Disney+"
tt0044741,Ikiru,"iTunes, Google Play, Amazon Instant Video"
tt3741834,Lion,"Amazon Instant Video, Google Play, iTunes"
tt0036868,The Best Years of Our Lives,"Amazon Instant Video, iTunes"
tt0047478,Seven Samurai,"iTunes, Google Play, Amazon Instant Video"
tt0327056,Mystic River,"Google Play, Amazon Instant Video, iTunes"
tt0291350,Millennium Actress,"Amazon Instant Video, Google Play, iTunes"
tt3682448,Bridge of Spies,"Google Play, Amazon Instant Video, iTunes"
tt0104952,My Cousin Vinny,"Amazon Instant Video, Google Play, iTunes"
tt0100157,Misery,"Amazon Instant Video, Google Play, iTunes"
tt0107692,,
tt0025878,The Thin Man,"Google Play, Amazon Instant Video, iTunes"
tt0120735,"Lock, Stock and Two Smoking Barrels","iTunes, Google Play, Amazon Instant Video"
tt0119008,Donnie Brasco,"Amazon Instant Video, Google Play, iTunes, Netflix"
tt0978762,Mary and Max,"Amazon Instant Video, Google Play, iTunes"
tt20850406,Sita Ramam,Amazon Prime Video
tt1375666,Inception,"Amazon Instant Video, Google Play, iTunes"
tt0266697,Kill Bill: Vol. 1,"iTunes, Google Play, Amazon Instant Video"
tt0044081,A Streetcar Named Desire,"Amazon Instant Video, iTunes, Google Play"
tt4912910,Mission: Impossible - Fallout,"Amazon Instant Video, Google Play, iTunes"
tt1517451,A Star Is Born,"iTunes, Google Play, Amazon Instant Video"
tt0084726,Star Trek II: The Wrath of Khan,"iTunes, Google Play, Amazon Instant Video"
tt0057091,The Leopard,"iTunes, Google Play, Amazon Instant Video"
tt0097223,Time of the Gypsies,"Google Play, iTunes, Amazon Instant Video"
tt0456144,Lage Raho Munna Bhai,Amazon Instant Video
tt2380307,Coco,"iTunes, Google Play, Amazon Instant Video, Disney+"
tt4635372,,
tt12262116,Thirteen Lives,Amazon Prime Video
tt0036613,Arsenic and Old Lace,"Google Play, Amazon Instant Video, iTunes"
tt0088247,The Terminator,"iTunes, Google Play, Amazon Instant Video"
tt0210945,Remember the Titans,"Disney+, Amazon Instant Video, Google Play, iTunes"
tt0132477,October Sky,"Google Play, Amazon Instant Video, iTunes"
tt0107943,The Remains of the Day,"Amazon Instant Video, iTunes, Google Play"
tt0046268,The Wages of Fear,"iTunes, Amazon Instant Video"
tt0025316,It Happened One Night,"Amazon Instant Video, iTunes, Google Play"
tt2802144,Kingsman: The Secret Service,"Amazon Instant Video, Google Play, iTunes"
tt0050083,12 Angry Men,"Google Play, Amazon Instant Video, iTunes"
tt6316138,,
tt2015381,Guardians of the Galaxy,"iTunes, Google Play, Amazon Instant Video, Disney+"
tt0046911,Les diaboliques,Amazon Instant Video
tt0061418,Bonnie and Clyde,"iTunes, Amazon Instant Video, Google Play"
tt3659388,The Martian,"Amazon Instant Video, Google Play, iTunes"
tt3501632,Thor: Ragnarok,"Google Play, Disney+, Amazon Instant Video, iTunes"
tt0114787,,
tt1527788,The Man from Nowhere,"Amazon Instant Video, iTunes"
tt0361748,Inglourious Basterds,"Amazon Instant Video, Google Play, iTunes"
tt0051201,Witness for the Prosecution,"iTunes, Google Play, Amazon Instant Video"
tt0332280,The Notebook,"Netflix, Google Play, Amazon Instant Video, iTunes"
tt0327597,Coraline,"iTunes, Amazon Instant Video, Google Play"
tt0119822,As Good as It Gets,"Amazon Instant Video, Google Play, iTunes, Amazon Prime Video"
tt0093870,RoboCop,"iTunes, Amazon Instant Video, Google Play"
tt0416449,300,"Google Play, Amazon Instant Video, iTunes, Netflix"
tt0091288,Jean de Florette,Amazon Instant Video
tt0110357,The Lion King,"Disney+, iTunes, Google Play, Amazon Instant Video"
tt0398286,Tangled,"iTunes, Amazon Instant Video, Disney+, Google Play"
tt0097576,Indiana Jones and the Last Crusade,"Amazon Instant Video, iTunes, Google Play"
tt0241527,Harry Potter and the Philosopher's Stone,"iTunes, Google Play, Amazon Instant Video"
tt0083866,E.T. the Extra-Terrestrial,"Amazon Instant Video, Google Play, iTunes"
tt0379786,Serenity,"iTunes, Google Play, Amazon Instant Video"
tt0130827,Run Lola Run,"Google Play, iTunes, Amazon Instant Video"
tt0043338,Ace in the Hole,"Amazon Instant Video, iTunes, Google Play"
tt4901306,,
tt1979376,Toy Story 4,"iTunes, Google Play, Amazon Instant Video, Disney+"
tt2631186,Baahubali: The Beginning,"Netflix, Google Play, Amazon Instant Video, iTunes"
tt0455590,The Last King of Scotland,"iTunes, Google Play, Amazon Instant Video"
tt2082197,Barfi!,Netflix
tt0817177,Flipped,"iTunes, Amazon Instant Video, Google Play"
tt0097937,My Left Foot,"iTunes, Google Play, Amazon Instant Video"
tt0318411,The Magdalene Sisters,"Amazon Instant Video, Google Play, iTunes"
tt0101507,Boyz n the Hood,"iTunes, Amazon Instant Video, Google Play"
tt2106476,The Hunt,"Amazon Prime Video, Google Play, iTunes, Amazon Instant Video"
tt0108399,True Romance,"Amazon Instant Video, Google Play, iTunes"
tt0091251,,
tt0454876,Life of Pi,"Amazon Instant Video, Google Play, iTunes"
tt5168192,"I, Daniel Blake","Amazon Instant Video, Google Play, iTunes"
tt0068361,The Discreet Charm of the Bourgeoisie,"Amazon Instant Video, iTunes, Google Play"
tt0093779,The Princess Bride,"iTunes, Google Play, Amazon Instant Video, Disney+"
tt1306980,50/50,"Google Play, Amazon Instant Video, iTunes, Amazon Prime Video"
tt10366460,CODA,AppleTV+
tt0056663,,
tt0208092,Snatch,"Google Play, Netflix, iTunes, Amazon Instant Video, Amazon Prime Video"
tt0080339,Airplane!,"iTunes, Google Play, Amazon Instant Video"
tt0106489,A Bronx Tale,"Amazon Instant Video, iTunes, Google Play"
tt0109117,Andaz Apna Apna,"Amazon Instant Video, iTunes, Google Play"
tt0055018,,
tt0059742,The Sound of Music,"iTunes, Google Play, Amazon Instant Video, Disney+"
tt0112864,Die Hard: With a Vengeance,"iTunes, Google Play, Amazon Instant Video, Amazon Prime Video"
tt0045274,Umberto D.,"iTunes, Amazon Instant Video"
tt0111161,The Shawshank Redemption,"iTunes, Google Play, Amazon Instant Video"
tt0264464,Catch Me If You Can,"Netflix, Amazon Instant Video, Google Play, iTunes, Amazon Prime Video"
tt0926084,Harry Potter and the Deathly Hallows: Part 1,"iTunes, Google Play, Amazon Instant Video"
tt0117666,,
tt5311514,Your Name.,"iTunes, Google Play, Amazon Instant Video"
tt0063350,Night of the Living Dead,"iTunes, Amazon Instant Video, Google Play, Amazon Prime Video"
tt0058450,The Umbrellas of Cherbourg,"iTunes, Google Play, Amazon Instant Video"
tt0401085,C.R.A.Z.Y.,"iTunes, Google Play, Amazon Instant Video"
tt7019842,96,"Amazon Instant Video, Google Play"
tt0040522,The Bicycle Thieves,"Amazon Instant Video, iTunes, Google Play"
tt0077651,Halloween,"iTunes, Google Play, Amazon Instant Video"
tt0117631,,
tt0168629,Dancer in the Dark,"Amazon Instant Video, iTunes, Google Play"
tt0126029,Shrek,"Amazon Instant Video, Netflix, iTunes, Google Play, Amazon Prime Video"
tt0059646,Repulsion,"iTunes, Google Play, Amazon Instant Video"
tt0038355,The Big Sleep,"iTunes, Google Play, Amazon Instant Video"
tt0097757,The Little Mermaid,"Amazon Instant Video, Disney+, Google Play, iTunes"
tt0352248,Cinderella Man,"Amazon Instant Video, Google Play, iTunes"
tt4169250,,
tt0374546,"Spring, Summer, Fall, Winter... and Spring","Amazon Instant Video, iTunes, Google Play"
tt0108550,What's Eating Gilbert Grape,"iTunes, Google Play, Amazon Instant Video"
tt2543472,Wonder,"Amazon Instant Video, Google Play, iTunes"
tt0023427,Scarface,"iTunes, Amazon Instant Video, Google Play"
tt0298845,In America,"iTunes, Google Play, Amazon Instant Video"
tt0166924,Mulholland Drive,"Amazon Instant Video, Google Play, iTunes"
tt0049406,The Killing,"iTunes, Google Play, Amazon Instant Video"
tt0113824,Whisper of the Heart,"iTunes, Google Play, Amazon Instant Video"
tt0245712,Amores perros,"iTunes, Google Play, Amazon Instant Video"
tt0381681,Before Sunset,"Google Play, Amazon Instant Video, iTunes"
tt0051036,Sweet Smell of Success,"iTunes, Amazon Instant Video"
tt0059113,Doctor Zhivago,"iTunes, Amazon Instant Video, Google Play"
tt2350496,The Lunchbox,"Amazon Instant Video, Google Play, iTunes"
tt0156887,Perfect Blue,"Amazon Instant Video, Google Play, iTunes"
tt0106519,Carlito's Way,"Amazon Instant Video, iTunes, Google Play"
tt1016150,All Quiet on the Western Front,Netflix
tt0198781,"Monsters, Inc.","Amazon Instant Video, Disney+, Google Play, iTunes"
tt7218518,Padman,Netflix
tt0246578,Donnie Darko,"Amazon Instant Video, Google Play, iTunes"
tt0407887,The Departed,"Netflix, Amazon Instant Video, Google Play, iTunes"
tt0338013,Eternal Sunshine of the Spotless Mind,"iTunes, Google Play, Amazon Instant Video"
tt0070511,Papillon,"Amazon Instant Video, iTunes, Google Play"
tt0033870,The Maltese Falcon,"Google Play, iTunes, Amazon Instant Video"
tt9900782,Kaithi,"iTunes, Amazon Instant Video, Google Play"
tt0105323,Scent of a Woman,"Amazon Instant Video, Google Play, iTunes"
tt0181689,Minority Report,"iTunes, Google Play, Amazon Prime Video, Amazon Instant Video"
tt0072890,Dog Day Afternoon,"Amazon Instant Video, Google Play, iTunes"
tt0071615,The Holy Mountain,"iTunes, Amazon Instant Video"
tt0042876,Rashômon,"iTunes, Amazon Instant Video"
tt0144117,The Boondock Saints,"iTunes, Google Play, Amazon Prime Video, Amazon Instant Video"
tt0106364,Batman: Mask of the Phantasm,"Amazon Instant Video, Google Play, iTunes"
tt0367110,"Swades: We, the People","Google Play, Netflix, iTunes"
tt0114709,Toy Story,"iTunes, Google Play, Disney+, Amazon Instant Video"
tt3612616,Mommy,"iTunes, Google Play, Amazon Instant Video"
tt0075314,Taxi Driver,"iTunes, Google Play, Amazon Instant Video, Netflix"
tt0109707,Ed Wood,"Amazon Instant Video, Google Play, iTunes"
tt0038787,,
tt0053198,The 400 Blows,"iTunes, Google Play, Amazon Instant Video"
tt1924396,Deception,"Google Play, Amazon Instant Video, iTunes"
tt0073312,Love and Death,"iTunes, Amazon Instant Video, Google Play"
tt0029947,Bringing Up Baby,"Amazon Instant Video, Google Play, iTunes"
tt0412080,The World's Fastest Indian,"Amazon Instant Video, Google Play, iTunes"
tt0082096,Das Boot,"iTunes, Google Play, Amazon Instant Video"
tt0032599,His Girl Friday,"iTunes, Google Play, Amazon Prime Video, Amazon Instant Video"
tt0086190,Star Wars: Episode VI - Return of the Jedi,"Disney+, iTunes, Google Play, Amazon Instant Video"
tt0441773,Kung Fu Panda,"iTunes, Google Play, Amazon Instant Video, Netflix"
tt0067185,Harold and Maude,"Google Play, Amazon Instant Video, iTunes"
tt0050976,The Seventh Seal,"iTunes, Google Play, Amazon Instant Video"
tt0112471,Before Sunrise,"iTunes, Google Play, Amazon Instant Video"
tt0080678,The Elephant Man,"iTunes, Google Play, Amazon Instant Video"
tt0074896,,
tt0072684,Barry Lyndon,"Google Play, Amazon Instant Video, iTunes"
tt0144084,American Psycho,"iTunes, Google Play, Amazon Instant Video"
tt0051808,The Hidden Fortress,"Amazon Instant Video, iTunes"
tt0032976,,
tt0029843,The Adventures of Robin Hood,"Amazon Instant Video, Google Play, iTunes"
tt0364569,,
tt0277027,I Am Sam,"Amazon Instant Video, Google Play, iTunes"
tt0050825,Paths of Glory,"iTunes, Google Play, Amazon Instant Video"
tt0106977,The Fugitive,"Google Play, iTunes, Amazon Instant Video"
tt0084787,The Thing,"Google Play, iTunes, Amazon Instant Video"
tt0434409,V for Vendetta,"Amazon Instant Video, Google Play, iTunes"
tt0409459,Watchmen,"iTunes, Amazon Instant Video, Google Play, Netflix"
tt0871510,Chakde! India,"Amazon Prime Video, iTunes, Google Play"
tt8579674,1917,"Amazon Instant Video, Google Play, iTunes"
tt0047437,Sabrina,"iTunes, Google Play, Amazon Instant Video"
tt0080455,The Blues Brothers,"iTunes, Google Play, Amazon Instant Video, Netflix"
tt0099674,The Godfather: Part III,"Amazon Instant Video, Google Play, iTunes"
tt4849438,Baahubali 2: The Conclusion,"Netflix, Google Play, Amazon Instant Video, iTunes"
tt1160419,Dune,"Google Play, iTunes, Amazon Instant Video"
tt7668870,Searching,"Amazon Instant Video, Google Play, iTunes"
tt4633694,Spider-Man: Into the Spider-Verse,"Google Play, iTunes, Amazon Instant Video"
tt0087884,"Paris, Texas","Amazon Instant Video, iTunes"
tt2543164,Arrival,"Google Play, iTunes, Amazon Instant Video"
tt0096283,My Neighbour Totoro,"Google Play, Amazon Instant Video, iTunes"
tt12361178,Drishyam 2,Amazon Prime Video
tt0028950,La grande illusion,"iTunes, Google Play, Amazon Instant Video"
tt0097216,Do the Right Thing,"Amazon Instant Video, Google Play, iTunes, Amazon Prime Video"
tt0119250,Hana-Bi,"iTunes, Google Play, Amazon Instant Video"
tt1639426,Udaan,Netflix
tt0401383,The Diving Bell and the Butterfly,"Amazon Instant Video, Google Play, iTunes"
tt0071315,Chinatown,"iTunes, Amazon Instant Video, Google Play"
tt4302938,Kubo and the Two Strings,"iTunes, Google Play, Amazon Instant Video"
tt0046359,Stalag 17,"Amazon Instant Video, iTunes, Google Play"
tt1727824,Bohemian Rhapsody,"Google Play, Amazon Instant Video, iTunes"
tt10272386,The Father,"iTunes, Amazon Instant Video, Google Play"
tt0042208,The Asphalt Jungle,"iTunes, Google Play, Amazon Instant Video"
tt0036775,Double Indemnity,"iTunes, Google Play, Amazon Instant Video"
tt0401792,Sin City,"iTunes, Amazon Instant Video, Google Play"
tt10872600,Spider-Man: No Way Home,"Amazon Instant Video, Google Play, iTunes"
tt0106469,,
tt8503618,Hamilton,Disney+
tt0063522,Rosemary's Baby,"iTunes, Google Play, Amazon Instant Video"
tt3544112,Sing Street,"iTunes, Google Play, Amazon Instant Video"
tt0045555,The Big Heat,"Amazon Instant Video, iTunes, Google Play"
tt1010048,Slumdog Millionaire,"Google Play, Amazon Instant Video, iTunes"
tt1187043,3 Idiots,"Google Play, iTunes, Netflix, Amazon Instant Video"
tt0120737,The Lord of the Rings: The Fellowship of the Ring,"iTunes, Google Play, Amazon Prime Video, Amazon Instant Video"
tt3748528,Rogue One: A Star Wars Story,"Disney+, Amazon Instant Video, Google Play, iTunes"
tt0783233,Atonement,"Google Play, Amazon Instant Video, iTunes"
tt0093058,Full Metal Jacket,"Amazon Instant Video, Google Play, iTunes"
tt0286244,The Triplets of Belleville,"Amazon Instant Video, Google Play, iTunes"
tt0325710,The Last Samurai,"iTunes, Google Play, Amazon Instant Video, Netflix"
tt1954470,Gangs of Wasseypur,"Amazon Instant Video, Google Play, iTunes"
tt0087332,Ghostbusters,"Amazon Instant Video, iTunes, Google Play"
tt0045152,Singin' in the Rain,"Amazon Instant Video, iTunes, Google Play"
tt0046912,Dial M for Murder,"iTunes, Google Play, Amazon Instant Video"
tt0308644,Finding Neverland,"Amazon Instant Video, iTunes, Google Play"
tt0119698,Princess Mononoke,"Amazon Instant Video, Google Play, iTunes, Netflix"
tt0263438,,
tt3841424,Land of Mine,"Google Play, Amazon Instant Video, iTunes"
tt1182345,Moon,"iTunes, Google Play, Amazon Instant Video"
tt0338564,Infernal Affairs,iTunes
tt0099785,Home Alone,"Amazon Instant Video, iTunes, Google Play, Disney+"
tt0112579,The Bridges of Madison County,"Amazon Instant Video, iTunes, Google Play, Netflix"
tt0421715,The Curious Case of Benjamin Button,"Google Play, Amazon Instant Video, iTunes, Amazon Prime Video"
tt7060344,Raatchasan,"Google Play, iTunes, Amazon Prime Video, Amazon Instant Video"
tt0054997,The Hustler,"Google Play, Amazon Instant Video, iTunes"
tt0101640,Raise the Red Lantern,Amazon Instant Video
tt0094226,The Untouchables,"Amazon Instant Video, iTunes, Google Play"
tt0015648,Battleship Potemkin,"Amazon Instant Video, iTunes"
tt0373074,Kung Fu Hustle,"iTunes, Google Play, Amazon Instant Video"
tt1291584,Warrior,"iTunes, Amazon Instant Video, Google Play, Netflix"
tt7653254,Marriage Story,Netflix
tt0049833,The Ten Commandments,"Amazon Instant Video, iTunes, Google Play"
tt0824747,Changeling,"iTunes, Google Play, Amazon Instant Video"
tt0030341,The Lady Vanishes,"iTunes, Amazon Instant Video"
tt0048473,Pather Panchali,"iTunes, Google Play, Amazon Instant Video"
tt2140203,,
tt0031679,Mr. Smith Goes to Washington,"Google Play, iTunes, Amazon Instant Video"
tt0052357,Vertigo,"Google Play, iTunes, Amazon Instant Video"
tt5726616,,
tt0095765,Cinema Paradiso,"iTunes, Amazon Instant Video"
tt0065531,Le cercle rouge,"Amazon Instant Video, Google Play, iTunes"
tt0048424,The Night of the Hunter,"iTunes, Google Play, Amazon Instant Video"
tt2562232,Birdman or (The Unexpected Virtue of Ignorance),"iTunes, Google Play, Amazon Instant Video"
tt0876563,Ponyo,"iTunes, Google Play, Amazon Instant Video"
tt0268126,Adaptation.,"Amazon Instant Video, Google Play, iTunes"
tt4016934,The Handmaiden,Amazon Prime Video
tt0378194,,
tt0053291,Some Like It Hot,"iTunes, Google Play, Amazon Instant Video"
tt0017136,Metropolis,"Amazon Instant Video, Google Play, iTunes"
tt0066999,Dirty Harry,"Amazon Instant Video, iTunes, Google Play"
tt0088680,After Hours,"iTunes, Google Play, Amazon Instant Video"
tt2181931,English Vinglish,"Google Play, iTunes"
tt0405159,Million Dollar Baby,"Google Play, Amazon Instant Video, iTunes"
tt2948372,Soul,"Google Play, Amazon Instant Video, iTunes, Disney+"
tt0037884,The Lost Weekend,"Amazon Instant Video, Google Play, iTunes"
tt0066921,A Clockwork Orange,"iTunes, Google Play, Amazon Instant Video, Netflix"
tt0072431,Young Frankenstein,Amazon Prime Video
tt0107653,,
tt0172495,,
tt0851578,Paprika,"iTunes, Google Play, Amazon Instant Video"
tt0090967,Down by Law,"iTunes, Amazon Instant Video"
tt1431045,Deadpool,"Disney+, Amazon Instant Video, Google Play, iTunes"
tt0053946,Inherit the Wind,"iTunes, Google Play, Amazon Instant Video"
tt0361862,The Machinist,"Google Play, Amazon Instant Video, iTunes, Amazon Prime Video"
tt2395469,Gully Boy,"Amazon Prime Video, Google Play, iTunes"
tt0030993,You Can't Take It with You,"Amazon Instant Video, Google Play, iTunes"
tt0089881,Ran,"iTunes, Google Play, Amazon Instant Video"
tt1250777,Kick-Ass,"Amazon Instant Video, iTunes, Google Play"
tt1535109,,
tt0200087,,
tt1069238,Departures,Google Play
tt0069293,Solaris,"Amazon Instant Video, Google Play, iTunes"
tt0042593,In a Lonely Place,"Amazon Instant Video, Google Play, iTunes"
tt0026778,A Night at the Opera,"iTunes, Amazon Instant Video, Google Play"
tt0079417,Kramer vs. Kramer,"iTunes, Google Play, Amazon Instant Video"
tt0947798,Black Swan,"Amazon Instant Video, Google Play, iTunes"
tt0057115,The Great Escape,"iTunes, Google Play, Amazon Instant Video"
tt0405508,Colour It Yellow,Netflix
tt0079944,Stalker,"iTunes, Google Play, Amazon Instant Video"
tt0065571,The Conformist,"Google Play, iTunes"
tt0166896,The Straight Story,"Amazon Instant Video, Disney+, Google Play, iTunes"
tt0062467,Wait Until Dark,"Amazon Instant Video, iTunes, Google Play"
tt2024519,The Broken Circle Breakdown,"Amazon Instant Video, Google Play, iTunes"
tt0372824,,
tt1832382,A Separation,"iTunes, Amazon Instant Video, Google Play"
tt0365748,Shaun of the Dead,"Amazon Instant Video, Google Play, iTunes"
tt0047396,Rear Window,"Google Play, iTunes, Amazon Instant Video"
tt0050783,Nights of Cabiria,"Amazon Instant Video, iTunes, Google Play"
tt0114746,Twelve Monkeys,"Amazon Instant Video, iTunes, Google Play"
tt1242422,,
tt0119174,The Game,"Amazon Instant Video, Netflix, Google Play, iTunes"
tt3170832,Room,"Amazon Instant Video, Google Play, iTunes"
tt0240772,,
tt0780536,In Bruges,"Amazon Instant Video, Google Play, iTunes, Amazon Prime Video"
tt0418455,,
tt0128445,Rushmore,"iTunes, Google Play, Amazon Instant Video, Amazon Prime Video"
tt15327088,,
tt0081398,Raging Bull,"Google Play, iTunes, Amazon Instant Video"
tt0046250,Roman Holiday,"Google Play, Amazon Instant Video, iTunes"
tt0085334,A Christmas Story,"iTunes, Google Play, Amazon Instant Video"
tt0097165,Dead Poets Society,"Amazon Instant Video, iTunes, Google Play, Amazon Prime Video"
tt3397884,Sicario,"Amazon Instant Video, Google Play, iTunes"
tt0421082,Control,"Amazon Instant Video, Google Play, iTunes"
tt0110729,Once Were Warriors,"Google Play, iTunes, Amazon Instant Video"
tt1588170,I Saw the Devil,"iTunes, Amazon Instant Video, Google Play, Amazon Prime Video"
tt0118749,Boogie Nights,"Amazon Instant Video, Google Play, iTunes, Netflix"
tt0056801,Eight and a Half,"Amazon Instant Video, Google Play, iTunes"
tt9052870,Chhichhore,"Google Play, iTunes"
tt0111495,Three Colours: Red,"iTunes, Amazon Instant Video"
tt0047528,,
tt0093389,The Last Emperor,"Amazon Instant Video, iTunes"
tt1136608,District 9,"iTunes, Google Play, Amazon Instant Video"
tt0108122,,
tt1201607,Harry Potter and the Deathly Hallows: Part 2,"iTunes, Google Play, Amazon Instant Video"
tt0078841,Being There,"Amazon Instant Video, iTunes, Google Play"
tt0042546,Harvey,"Amazon Instant Video, Google Play, iTunes"
tt0015864,The Gold Rush,"iTunes, Amazon Instant Video"
tt0108358,Tombstone,"iTunes, Google Play, Amazon Instant Video, Amazon Prime Video"
tt4430212,Drishyam,"Netflix, Amazon Instant Video, iTunes, Google Play"
tt0058331,Mary Poppins,"iTunes, Google Play, Amazon Instant Video, Disney+"
tt2194499,About Time,"Amazon Instant Video, Google Play, iTunes"
tt0154420,,
tt0114814,The Usual Suspects,"Google Play, iTunes, Amazon Prime Video"
tt0110912,Pulp Fiction,"iTunes, Google Play, Amazon Instant Video"
tt0093409,Lethal Weapon,"Amazon Instant Video, Google Play, iTunes"
tt0071230,Blazing Saddles,"iTunes, Google Play, Amazon Instant Video"
tt0091064,The Fly,"Google Play, iTunes, Amazon Instant Video"
tt0353969,Memories of Murder,"Amazon Instant Video, Google Play, iTunes"
tt0050613,Throne of Blood,"iTunes, Amazon Instant Video"
tt0242519,,
tt0475276,United 93,"iTunes, Google Play, Amazon Instant Video"
tt8613070,Portrait of a Lady on Fire,"iTunes, Google Play, Amazon Instant Video"
tt1631867,Edge of Tomorrow,"Amazon Instant Video, iTunes, Google Play"
tt0115751,Breaking the Waves,"iTunes, Google Play, Amazon Instant Video"
tt1216496,Mother,"iTunes, Amazon Prime Video, Amazon Instant Video"
tt4154756,Avengers: Infinity War,"Amazon Instant Video, Disney+, Google Play, iTunes"
tt0098635,When Harry Met Sally,"iTunes, Amazon Instant Video, Google Play, Netflix"
tt0101765,The Double Life of Véronique,"iTunes, Amazon Instant Video"
tt1596363,The Big Short,"iTunes, Google Play, Amazon Instant Video"
tt0110877,,
tt0070544,Fantastic Planet,"iTunes, Google Play, Amazon Instant Video"
tt1024648,Argo,"Google Play, Amazon Instant Video, iTunes, Netflix"
tt0317705,The Incredibles,"iTunes, Disney+, Amazon Instant Video, Google Play"
tt9477520,Asuran,"Google Play, Amazon Prime Video"
tt0078748,Alien,"iTunes, Amazon Instant Video, Google Play, Amazon Prime Video"
tt0910970,WALL·E,"Google Play, Disney+, iTunes, Amazon Instant Video"
tt0095953,Rain Man,"Amazon Instant Video, iTunes, Google Play"
tt10324144,Article 15,Netflix
tt0435761,Toy Story 3,"Amazon Instant Video, Disney+, Google Play, iTunes"
tt0129167,The Iron Giant,"iTunes, Amazon Instant Video, Google Play"
tt0077405,Days of Heaven,"iTunes, Google Play, Amazon Prime Video, Amazon Instant Video"
tt10288566,Another Round,"iTunes, Google Play, Amazon Instant Video"
tt1345836,The Dark Knight Rises,"iTunes, Google Play, Amazon Instant Video, Netflix"
tt0045061,The Quiet Man,"iTunes, Google Play, Amazon Instant Video"
tt5764096,Hindi Medium,Amazon Prime Video
tt7131622,Once Upon a Time ... in Hollywood,"Amazon Instant Video, Google Play, iTunes"
tt7485048,,
tt0765429,American Gangster,"Amazon Instant Video, Google Play, iTunes, Netflix"
tt0243017,Waking Life,"Amazon Instant Video, Google Play, iTunes"
tt0043265,The African Queen,"Amazon Instant Video, Google Play, iTunes"
tt0064116,Once Upon a Time in the West,"iTunes, Amazon Prime Video, Google Play, Amazon Instant Video"
tt6710474,Everything Everywhere All at Once,"Amazon Instant Video, Google Play, iTunes"
tt0053459,Eyes Without a Face,"Amazon Instant Video, iTunes"
tt0052618,Ben-Hur,"iTunes, Amazon Instant Video, Google Play"
tt0986264,Like Stars on Earth,Netflix
tt1745960,Top Gun: Maverick,"Amazon Instant Video, Google Play, iTunes"
tt0070047,The Exorcist,"Amazon Instant Video, Google Play, iTunes, Netflix"
tt1045658,Silver Linings Playbook,"iTunes, Google Play, Amazon Instant Video, AppleTV+, Netflix"
tt0829482,Superbad,"iTunes, Google Play, Amazon Instant Video"
tt0371746,Iron Man,"Disney+, Amazon Instant Video, Google Play, iTunes"
tt0075029,The Outlaw Josey Wales,"Amazon Instant Video, iTunes, Google Play"
tt5027774,"Three Billboards Outside Ebbing, Missouri","Amazon Instant Video, Google Play, iTunes"
tt2584384,Jojo Rabbit,"iTunes, Google Play, Amazon Instant Video"
tt0118694,,
tt0347048,Head-On,Amazon Instant Video
tt0037558,Brief Encounter,"Amazon Instant Video, iTunes"
tt4698684,Hunt for the Wilderpeople,"iTunes, Google Play, Amazon Instant Video, Netflix"
tt0053619,L'Avventura,"Amazon Instant Video, iTunes"
tt0060196,"The Good, the Bad and the Ugly","Amazon Instant Video, iTunes, Google Play"
tt1504320,The King's Speech,"Amazon Instant Video, Google Play, iTunes"
tt0056732,The Exterminating Angel,"iTunes, Google Play, Amazon Instant Video"
tt0055630,Yojimbo,"iTunes, Amazon Instant Video"
tt0112870,Dilwale Dulhania Le Jayenge,"Amazon Prime Video, Google Play, iTunes"
tt0113277,Heat,"Amazon Instant Video, iTunes, Google Play"
tt3262342,Loving Vincent,"Amazon Instant Video, Google Play, iTunes"
tt0275277,,
tt0420332,Veer Zaara,"Amazon Prime Video, Google Play, iTunes"
tt1798709,Her,"Amazon Instant Video, Google Play, iTunes, Netflix"
tt0031971,Stagecoach,"Amazon Instant Video, iTunes, Amazon Prime Video"
tt0903624,The Hobbit: An Unexpected Journey,"iTunes, Google Play, Amazon Prime Video, Amazon Instant Video"
tt1655442,The Artist,"Google Play, Amazon Prime Video, Amazon Instant Video"
tt0384116,G.O.R.A.,"Netflix, iTunes"
tt0486655,Stardust,"iTunes, Google Play, Amazon Instant Video, Netflix"
tt0185125,All About My Mother,"Google Play, iTunes, Amazon Instant Video"
tt0181865,Traffic,"iTunes, Amazon Instant Video, Google Play, Amazon Prime Video"
tt0118929,Dark City,"Amazon Instant Video, Google Play, iTunes"
tt0095705,The Naked Gun: From the Files of Police Squad!,"iTunes, Google Play, Amazon Instant Video"
tt0061512,Cool Hand Luke,"Amazon Instant Video, iTunes, Google Play"
tt0265666,The Royal Tenenbaums,"Google Play, Amazon Instant Video, iTunes, Amazon Prime Video"
tt0058385,My Fair Lady,"Amazon Instant Video, iTunes, Google Play"
tt3398268,When Marnie Was There,"Google Play, Netflix, iTunes, Amazon Instant Video"
tt0057565,High and Low,"iTunes, Amazon Instant Video"
tt0283509,No Man's Land,"iTunes, Amazon Instant Video"
tt0053604,The Apartment,"iTunes, Google Play, Amazon Instant Video"
tt0381061,Casino Royale,"Amazon Instant Video, Google Play, iTunes, Netflix"
tt0010323,The Cabinet of Dr. Caligari,"Amazon Instant Video, Google Play, iTunes"
tt0026138,Bride of Frankenstein,"Amazon Instant Video, Google Play, iTunes"
tt1028532,Hachi: A Dog's Tale,"iTunes, Google Play, Amazon Instant Video"
tt0120731,The Legend of 1900,Amazon Instant Video
tt0061722,The Graduate,"Google Play, iTunes, Amazon Instant Video, Amazon Prime Video"
tt0012349,The Kid,"iTunes, Amazon Instant Video"
tt1070874,The Trial of the Chicago 7,Netflix
tt1663202,The Revenant,"iTunes, Google Play, Amazon Instant Video"
tt1877832,X-Men: Days of Future Past,"Amazon Instant Video, iTunes, Disney+, Google Play"
tt0993846,The Wolf of Wall Street,"iTunes, Google Play, Amazon Prime Video, Amazon Instant Video"
tt0476735,,
tt0089853,The Purple Rose of Cairo,"iTunes, Amazon Instant Video, Google Play, Amazon Prime Video"
tt0104940,The Muppet Christmas Carol,"iTunes, Google Play, Amazon Instant Video, Disney+"
tt0477348,No Country for Old Men,"Amazon Instant Video, Google Play, iTunes"
tt0120265,,
tt0096163,The Vanishing,"iTunes, Amazon Instant Video"
tt2283748,OMG: Oh My God!,"Netflix, Amazon Instant Video, Google Play, iTunes"
tt5362988,Wind River,"Amazon Instant Video, Google Play, iTunes"
tt0878804,The Blind Side,"iTunes, Google Play, Amazon Instant Video, Netflix"
tt0338309,Evil,"Amazon Prime Video, Amazon Instant Video"
tt0036342,Shadow of a Doubt,"Amazon Instant Video, iTunes, Google Play"
tt0091167,Hannah and Her Sisters,"Google Play, Amazon Instant Video, iTunes"
tt0040897,The Treasure of the Sierra Madre,"Amazon Instant Video, Google Play, iTunes"
tt0020629,,
tt1360860,About Elly,Google Play
tt0108037,The Sandlot Kids,"iTunes, Google Play, Amazon Instant Video, Disney+"
tt2013293,The Wind Rises,"iTunes, Amazon Instant Video, Google Play"
tt0120863,The Thin Red Line,"Amazon Instant Video, iTunes, Google Play, Amazon Prime Video"
tt0167404,The Sixth Sense,"Amazon Instant Video, iTunes, Google Play"
tt0139654,Training Day,"iTunes, Google Play, Amazon Instant Video, Netflix"
tt0083658,Blade Runner,"Amazon Instant Video, iTunes, Google Play"
tt0498380,Letters from Iwo Jima,"Amazon Instant Video, Google Play, iTunes"
tt0070735,The Sting,"iTunes, Google Play, Amazon Instant Video"
tt1125849,The Wrestler,"Google Play, Amazon Instant Video, iTunes"
tt0024216,King Kong,"iTunes, Google Play, Amazon Instant Video"
tt3901826,The Breadwinner,"iTunes, Google Play, Amazon Instant Video"
tt1190539,The Chaser,"Google Play, iTunes"
tt0049730,The Searchers,"iTunes, Google Play, Amazon Instant Video"
tt0097123,,
tt1646971,How to Train Your Dragon 2,"Amazon Instant Video, Google Play, iTunes"
tt0101410,Barton Fink,"Amazon Instant Video, Google Play, iTunes"
tt0043014,Sunset Blvd.,"Amazon Instant Video, Google Play, iTunes"
tt0113568,Ghost in the Shell,"Google Play, Amazon Instant Video, iTunes"
tt5363618,,
tt0035446,,
tt2377938,Special Chabbis,"Google Play, Netflix, iTunes, Amazon Instant Video"
tt0293715,,
tt4034228,Manchester by the Sea,Amazon Prime Video
tt3169706,Pride,"Google Play, iTunes, Amazon Instant Video, Amazon Prime Video"
tt0315733,21 Grams,"iTunes, Amazon Instant Video, Google Play, Amazon Prime Video"
tt0070666,Serpico,"iTunes, Google Play, Amazon Instant Video"
tt0424205,Joyeux Noel,"Amazon Instant Video, Google Play, iTunes"
tt0022100,M,"Amazon Instant Video, iTunes"
tt0071562,The Godfather: Part II,"iTunes, Google Play, Amazon Instant Video"
tt1171701,,
tt0120382,The Truman Show,"iTunes, Google Play, Amazon Instant Video"
tt0067992,Willy Wonka & the Chocolate Factory,"iTunes, Google Play, Amazon Instant Video, Netflix"
tt0051459,Cat on a Hot Tin Roof,"Amazon Instant Video, iTunes, Google Play"
tt0095647,Mississippi Burning,iTunes
tt0301357,Goodbye Lenin!,"Amazon Instant Video, Google Play, iTunes"
tt0330373,Harry Potter and the Goblet of Fire,"Amazon Instant Video, Google Play, iTunes"
tt1188996,My Name Is Khan,"Amazon Instant Video, Google Play, iTunes"
tt0151804,Office Space,"Amazon Instant Video, iTunes, Google Play, Amazon Prime Video"
tt0087553,The Killing Fields,"iTunes, Amazon Instant Video, Google Play"
tt0276919,,
tt0061811,In the Heat of the Night,"iTunes, Google Play, Amazon Instant Video"
tt0079522,Manhattan,"iTunes, Google Play, Amazon Instant Video"
tt0372784,Batman Begins,"Amazon Instant Video, Google Play, iTunes, Netflix"
tt0069467,Cries and Whispers,"Amazon Instant Video, iTunes"
tt1895587,Spotlight,"iTunes, Amazon Instant Video, Google Play"
tt0097441,Glory,"iTunes, Google Play, Amazon Instant Video"
tt0086250,Scarface,"iTunes, Google Play, Amazon Instant Video, Netflix"
tt0072417,A Woman Under the Influence,"Amazon Instant Video, iTunes"
tt0765443,Eastern Promises,"Google Play, iTunes, Amazon Instant Video"
tt0053976,The Virgin Spring,"iTunes, Amazon Instant Video"
tt0118715,The Big Lebowski,"iTunes, Google Play, Amazon Instant Video"
tt2404461,The Past,"iTunes, Google Play, Amazon Instant Video"
tt0405094,The Lives of Others,"Amazon Instant Video, Google Play, iTunes"
tt0092593,,
tt0071411,Dersu Uzala,Amazon Instant Video
tt1392214,Prisoners,"Netflix, Amazon Instant Video, Google Play, iTunes"
tt0088258,This Is Spinal Tap,"Google Play, Amazon Instant Video, iTunes"
tt2331143,"Like Father, Like Son","iTunes, Google Play, Amazon Instant Video"
tt0440963,The Bourne Ultimatum,"iTunes, Amazon Instant Video, Google Play, Netflix"
tt0112573,Braveheart,"Amazon Instant Video, iTunes, Google Play, Netflix"
tt0077711,Autumn Sonata,"Google Play, iTunes"
tt0075686,Annie Hall,"Amazon Instant Video, Google Play, iTunes"
tt0117589,,
tt0485947,Mr. Nobody,"Amazon Instant Video, iTunes, Google Play, Amazon Prime Video"
tt0061578,The Dirty Dozen,"Amazon Instant Video, Google Play, iTunes, Netflix"
tt0423866,3-Iron,"Amazon Instant Video, Google Play, iTunes"
tt0376968,The Return,"Amazon Instant Video, Google Play, iTunes"
tt0056172,Lawrence of Arabia,"iTunes, Google Play, Amazon Instant Video"
tt0095016,Die Hard,"iTunes, Google Play, Amazon Instant Video, Amazon Prime Video"
tt0052561,Anatomy of a Murder,"Amazon Instant Video, iTunes, Google Play"
tt0814314,Seven Pounds,"iTunes, Google Play, Amazon Instant Video, Netflix"
tt5198068,Wolfwalkers,AppleTV+
tt0090756,Blue Velvet,"iTunes, Amazon Instant Video, Google Play"
tt5052448,,
tt0089218,The Goonies,"Amazon Instant Video, iTunes, Google Play"
tt1302006,The Irishman,Netflix
tt0077402,,
tt0090605,Aliens,"Amazon Instant Video, iTunes, Google Play"
tt0816692,Interstellar,"iTunes, Google Play, Amazon Instant Video"
tt4387040,Airlift,"iTunes, Google Play"
tt0055031,,
tt0119217,Good Will Hunting,"Google Play, Amazon Instant Video, iTunes"
tt3553976,Captain Fantastic,"iTunes, Google Play, Amazon Prime Video, Amazon Instant Video"
tt5013056,Dunkirk,"Netflix, Google Play, Amazon Instant Video, iTunes"
tt0069762,Badlands,"Google Play, iTunes, Amazon Instant Video"
tt0091042,Ferris Bueller's Day Off,"Amazon Instant Video, iTunes, Google Play, Netflix"
tt2209418,Before Midnight,"Google Play, Amazon Instant Video, iTunes"
tt3783958,La La Land,"Amazon Instant Video, Google Play, iTunes"
tt2024544,12 Years a Slave,"Amazon Instant Video, Google Play, iTunes"
tt0056923,Charade,"Amazon Instant Video, Google Play, iTunes, Amazon Prime Video"
tt2278388,The Grand Budapest Hotel,"Amazon Instant Video, iTunes, Google Play"
tt0245429,Spirited Away,"Google Play, Amazon Instant Video, iTunes"
tt1130884,Shutter Island,"Google Play, Amazon Instant Video, iTunes, Amazon Prime Video"
tt0257044,Road to Perdition,"Amazon Instant Video, Google Play, iTunes, Amazon Prime Video"
tt0892769,How to Train Your Dragon,"Netflix, Google Play, Amazon Instant Video, iTunes, Amazon Prime Video"
tt10280296,Sardar Udham,Amazon Prime Video
tt1149362,The White Ribbon,"Google Play, iTunes, Amazon Instant Video"
tt0092005,Stand by Me,"Amazon Instant Video, iTunes, Google Play"
tt0072251,The Taking of Pelham One Two Three,"iTunes, Amazon Instant Video, Google Play"
tt0230600,,
tt0067116,The French Connection,"iTunes, Amazon Instant Video, Google Play"
tt2370248,Short Term 12,"Amazon Instant Video, Google Play, iTunes"
tt0065214,The Wild Bunch,"Amazon Instant Video, iTunes, Google Play"
tt4080728,A Man Called Ove,"Amazon Prime Video, Amazon Instant Video, Google Play, iTunes"
tt0029583,Snow White and the Seven Dwarfs,"Amazon Instant Video, Disney+, iTunes, Google Play"
tt0936501,Taken,"Amazon Instant Video, iTunes, Google Play, Amazon Prime Video"
tt0375611,Black,Netflix
tt1772341,Wreck-It Ralph,"iTunes, Google Play, Amazon Instant Video, Disney+"
tt0454848,Inside Man,"Amazon Instant Video, Google Play, iTunes"
tt0372183,The Bourne Supremacy,"Amazon Instant Video, Google Play, iTunes"
tt1702014,The Way He Looks,"iTunes, Google Play, Amazon Instant Video"
tt0169102,Lagaan: Once Upon a Time in India,Netflix
tt0018773,The Circus,"Amazon Instant Video, iTunes"
tt0870111,Frost/Nixon,"iTunes, Google Play, Amazon Instant Video"
tt0048028,East of Eden,"Amazon Instant Video, Google Play, iTunes"
tt0055499,Through a Glass Darkly,"iTunes, Amazon Instant Video"
tt0408664,Nobody Knows,iTunes
tt0071129,Amarcord,"Amazon Instant Video, Google Play, iTunes"
tt0087544,Nausicaä of the Valley of the Wind,"iTunes, Google Play, Amazon Instant Video"
tt0120815,Saving Private Ryan,"iTunes, Google Play, Amazon Instant Video, Netflix"
tt0880502,The Edge of Heaven,Amazon Instant Video
tt0454921,The Pursuit of Happyness,"Google Play, Netflix, Amazon Instant Video, iTunes"
tt1255953,Incendies,"Amazon Instant Video, Google Play, iTunes"
tt2119532,Hacksaw Ridge,"Amazon Instant Video, Google Play, iTunes"
tt0083946,Fitzcarraldo,"Amazon Instant Video, iTunes, Google Play"
tt0107818,Philadelphia,"Amazon Instant Video, iTunes, Google Play"
tt0084503,,
tt8633462,"Quo vadis, Aida?","iTunes, Amazon Instant Video, Google Play"
tt0114388,Sense and Sensibility,"iTunes, Google Play, Amazon Instant Video"
tt0079470,Life of Brian,"Google Play, Netflix, iTunes, Amazon Instant Video"
tt0181875,Almost Famous,"iTunes, Google Play, Amazon Instant Video"
tt0245844,The Count of Monte Cristo,"iTunes, Google Play, Amazon Instant Video"
tt7725596,,
tt3417422,,
tt10431500,Miracle in Cell No. 7,"Google Play, iTunes, Netflix"
tt2582846,The Fault in our Stars,"Disney+, Google Play, iTunes, Amazon Instant Video"
tt0414387,Pride & Prejudice,"iTunes, Google Play, Amazon Instant Video"
tt0499549,Avatar,"Amazon Instant Video, Disney+, Google Play, iTunes"
tt0038890,"Rome, Open City","iTunes, Google Play, Amazon Instant Video"
tt0039628,Miracle on 34th Street,"iTunes, Google Play, Amazon Prime Video, Amazon Instant Video, Disney+"
tt0300140,,
tt0086197,The Right Stuff,"Amazon Instant Video, iTunes, Google Play"
tt0107048,Groundhog Day,"Google Play, Amazon Instant Video, iTunes"
tt0058946,The Battle of Algiers,"iTunes, Google Play, Amazon Instant Video"
tt0318462,The Motorcycle Diaries,"Amazon Instant Video, Google Play, iTunes, Amazon Prime Video"
tt0472043,Apocalypto,"iTunes, Amazon Prime Video, Google Play, Amazon Instant Video"
tt0091605,,
tt1032846,"4 Months, 3 Weeks and 2 Days","Amazon Instant Video, iTunes"
tt5186714,The Salesman,Amazon Prime Video
tt12361974,Zack Snyder's Justice League,"Google Play, iTunes, Amazon Instant Video"
tt0109830,Forrest Gump,"Amazon Instant Video, Google Play, iTunes, Netflix"
tt0032551,The Grapes of Wrath,"Google Play, iTunes, Amazon Instant Video"
tt0063227,The Lion in Winter,"iTunes, Google Play, Amazon Instant Video"
tt0113247,La haine,"iTunes, Amazon Instant Video"
tt0121766,Star Wars: Episode III - Revenge of the Sith,"iTunes, Google Play, Disney+, Amazon Instant Video"
tt0137523,Fight Club,"iTunes, Google Play, Amazon Instant Video, Amazon Prime Video"
tt1132620,The Girl with the Dragon Tattoo,"Amazon Prime Video, iTunes, Amazon Instant Video, Google Play"
tt0052311,Touch of Evil,"iTunes, Amazon Instant Video, Google Play"
tt0056217,The Man Who Shot Liberty Valance,"iTunes, Google Play, Amazon Instant Video"
tt10189514,Soorarai Pottru,Amazon Prime Video
tt0042192,All About Eve,"Amazon Instant Video, Google Play, iTunes"
tt0175880,Magnolia,"iTunes, Amazon Instant Video, Google Play"
tt0068646,The Godfather,"Amazon Instant Video, Google Play, iTunes"
tt1285016,The Social Network,"Amazon Instant Video, iTunes, Google Play, Amazon Prime Video"
tt0064665,Midnight Cowboy,"Amazon Instant Video, iTunes, Google Play"
tt0032455,Fantasia,"Amazon Instant Video, Disney+, Google Play, iTunes"
tt1620933,Paan Singh Tomar,Netflix
tt0119488,L.A. Confidential,"Amazon Instant Video, iTunes"
tt0040506,Key Largo,"Google Play, Amazon Instant Video, iTunes"
tt0344510,A Very Long Engagement,"iTunes, Amazon Instant Video, Google Play"
tt0104652,Porco Rosso,"iTunes, Google Play, Amazon Instant Video, Netflix"
tt0808506,The Girl Who Leapt Through Time,"Amazon Instant Video, Google Play, iTunes"
tt0432283,Fantastic Mr. Fox,"Disney+, Amazon Instant Video, Google Play, iTunes, Amazon Prime Video"
tt1748122,Moonrise Kingdom,"Amazon Instant Video, Google Play, iTunes"
tt0158983,"South Park: Bigger, Longer & Uncut","iTunes, Amazon Instant Video, Google Play"
tt0078754,,
tt0270053,Vizontele,"Netflix, iTunes"
tt0907657,Once,"Amazon Instant Video, Google Play, iTunes"
tt0034240,Sullivan's Travels,"Amazon Instant Video, Google Play, iTunes"
tt0086637,,
tt1323594,Despicable Me,"iTunes, Google Play, Amazon Instant Video, Netflix"
tt0063374,The Odd Couple,"Amazon Instant Video, iTunes, Google Play"
tt0099487,Edward Scissorhands,"iTunes, Google Play, Amazon Prime Video, Amazon Instant Video, Disney+"
tt0399295,Lord of War,"Amazon Instant Video, Google Play, iTunes"
tt0040746,Rope,"Amazon Instant Video, iTunes, Google Play"
tt0266543,Finding Nemo,"iTunes, Amazon Instant Video, Disney+, Google Play"
tt1555149,,
tt0065234,Z,"Amazon Instant Video, iTunes"
tt0457655,After the Wedding,"iTunes, Amazon Instant Video"
tt0104691,The Last of the Mohicans,"iTunes, Google Play, Amazon Instant Video, Amazon Prime Video"
tt0117951,Trainspotting,"iTunes, Google Play, Amazon Instant Video"
tt0382932,Ratatouille,"Disney+, iTunes, Google Play, Amazon Instant Video"
tt0060827,Persona,"iTunes, Amazon Instant Video"
tt0061735,Guess Who's Coming to Dinner,"Amazon Instant Video, iTunes, Google Play"
tt3863552,,
tt1139797,Let the Right One In,"iTunes, Google Play, Amazon Prime Video, Amazon Instant Video"
tt0037913,Mildred Pierce,"Google Play, iTunes, Amazon Instant Video"
tt1821480,,
tt0050212,The Bridge on the River Kwai,"Amazon Instant Video, iTunes, Google Play"
tt4729430,Klaus,Netflix
tt0386064,,
tt0082971,Indiana Jones and the Raiders of the Lost Ark,"Amazon Instant Video, iTunes, Google Play"
tt0041546,Kind Hearts and Coronets,"iTunes, Amazon Instant Video, Google Play"
tt0033045,The Shop Around the Corner,"Amazon Instant Video, iTunes, Google Play"
tt8075192,Shoplifters,"iTunes, Google Play, Amazon Prime Video, Amazon Instant Video"
tt0112641,Casino,"Amazon Instant Video, Google Play, iTunes"
tt5104604,Isle of Dogs,"Google Play, Amazon Instant Video, iTunes"
tt2758880,Winter Sleep,"iTunes, Google Play, Amazon Instant Video"
tt0107290,Jurassic Park,"iTunes, Google Play, Amazon Instant Video"
tt0102138,JFK,"iTunes, Google Play, Amazon Instant Video"
tt0756683,The Man from Earth,"iTunes, Google Play, Amazon Instant Video"
